,cvss_score,days_to_due,days_since_added,cwe_count,is_critical,is_ransomware
cvss_score,1.0,0.05323274013887266,0.14204799672667023,-0.0012492089372463588,0.8529042008947855,0.8529042008947855
days_to_due,0.05323274013887266,1.0,0.4226062944094835,-0.07746231507843282,0.01668804424132105,0.01668804424132105
days_since_added,0.14204799672667023,0.4226062944094835,1.0,-0.002848302704468464,0.11546649486540772,0.11546649486540772
cwe_count,-0.0012492089372463588,-0.07746231507843282,-0.002848302704468464,1.0,0.009010387393421674,0.009010387393421674
is_critical,0.8529042008947855,0.01668804424132105,0.11546649486540772,0.009010387393421674,1.0,1.0
is_ransomware,0.8529042008947855,0.01668804424132105,0.11546649486540772,0.009010387393421674,1.0,1.0
